{"cameraMode":{"drawMode":0,"name":"Shaded","section":"Shading Mode"},"sceneLighting":true,"audioPlay":false,"sceneViewState":{"showFog":true,"showMaterialUpdate":false,"showSkybox":true,"showFlares":true,"showImageEffects":true,"showParticleSystems":true},"in2DMode":false,"pivot":{"x":0.9534960389137268,"y":4.039290428161621,"z":-0.4737749695777893},"rotation":{"x":-0.2596738934516907,"y":-0.02983814664185047,"z":0.008027052506804467,"w":-0.9652124047279358},"size":6.591702938079834,"orthographic":false}