{"cameraMode":{"drawMode":0,"name":"Shaded","section":"Shading Mode"},"sceneLighting":true,"audioPlay":false,"sceneViewState":{"showFog":true,"showMaterialUpdate":false,"showSkybox":true,"showFlares":true,"showImageEffects":true,"showParticleSystems":true},"in2DMode":false,"pivot":{"x":2.115294933319092,"y":3.6254501342773439,"z":2.4269943237304689},"rotation":{"x":-0.29141899943351748,"y":-0.025254106149077417,"z":0.007689660415053368,"w":-0.9562532305717468},"size":7.794059753417969,"orthographic":false}