{"cameraMode":{"drawMode":0,"name":"Shaded","section":"Shading Mode"},"sceneLighting":true,"audioPlay":false,"sceneViewState":{"showFog":true,"showMaterialUpdate":false,"showSkybox":true,"showFlares":true,"showImageEffects":true,"showParticleSystems":true},"in2DMode":false,"pivot":{"x":-24.17804718017578,"y":19.219554901123048,"z":-71.15737915039063},"rotation":{"x":-0.19415076076984406,"y":-0.5017587542533875,"z":0.11639606952667237,"w":-0.8350390791893005},"size":36.62994384765625,"orthographic":false}