{"cameraMode":{"drawMode":0,"name":"Shaded","section":"Shading Mode"},"sceneLighting":true,"audioPlay":false,"sceneViewState":{"showFog":true,"showMaterialUpdate":false,"showSkybox":true,"showFlares":true,"showImageEffects":true,"showParticleSystems":true},"in2DMode":false,"pivot":{"x":15.738630294799805,"y":3.4606547355651857,"z":18.085262298583986},"rotation":{"x":-0.020856060087680818,"y":-0.20489437878131867,"z":0.004367063753306866,"w":-0.978553056716919},"size":5.757896423339844,"orthographic":false}