{"cameraMode":{"drawMode":0,"name":"Shaded","section":"Shading Mode"},"sceneLighting":false,"audioPlay":false,"sceneViewState":{"showFog":true,"showMaterialUpdate":false,"showSkybox":false,"showFlares":true,"showImageEffects":true,"showParticleSystems":true},"in2DMode":false,"pivot":{"x":-0.12444913387298584,"y":0.09231127798557282,"z":-0.6063897609710693},"rotation":{"x":0.08391749858856201,"y":0.7399142980575562,"z":-0.09395504742860794,"w":0.6608131527900696},"size":2.098154067993164,"orthographic":false}