{"cameraMode":{"drawMode":0,"name":"Shaded","section":"Shading Mode"},"sceneLighting":true,"audioPlay":false,"sceneViewState":{"showFog":true,"showMaterialUpdate":false,"showSkybox":true,"showFlares":true,"showImageEffects":true,"showParticleSystems":true},"in2DMode":false,"pivot":{"x":-0.19136714935302735,"y":2.731973648071289,"z":-5.424530982971191},"rotation":{"x":-0.19445198774337769,"y":0.18570105731487275,"z":-0.04010774567723274,"w":-0.9625704288482666},"size":6.985960483551025,"orthographic":false}