{"cameraMode":{"drawMode":0,"name":"Shaded","section":"Shading Mode"},"sceneLighting":false,"audioPlay":false,"sceneViewState":{"showFog":true,"showMaterialUpdate":false,"showSkybox":false,"showFlares":true,"showImageEffects":true,"showParticleSystems":true},"in2DMode":false,"pivot":{"x":0.03528991714119911,"y":-0.0412057563662529,"z":-0.09716735780239105},"rotation":{"x":0.13869653642177583,"y":0.22260144352912904,"z":-0.03197892755270004,"w":0.9645282030105591},"size":1.2453396320343018,"orthographic":false}