{"cameraMode":{"drawMode":0,"name":"Shaded","section":"Shading Mode"},"sceneLighting":true,"audioPlay":false,"sceneViewState":{"showFog":true,"showMaterialUpdate":false,"showSkybox":true,"showFlares":true,"showImageEffects":true,"showParticleSystems":true},"in2DMode":false,"pivot":{"x":3.8534746170043947,"y":2.687971591949463,"z":-4.613602161407471},"rotation":{"x":-0.10412104427814484,"y":0.267177551984787,"z":-0.029051564633846284,"w":-0.9575668573379517},"size":4.079161643981934,"orthographic":false}