{"cameraMode":{"drawMode":0,"name":"Shaded","section":"Shading Mode"},"sceneLighting":true,"audioPlay":false,"sceneViewState":{"showFog":true,"showMaterialUpdate":false,"showSkybox":true,"showFlares":true,"showImageEffects":true,"showParticleSystems":true},"in2DMode":false,"pivot":{"x":2.1735944747924806,"y":1.8103244304656983,"z":5.995344638824463},"rotation":{"x":-0.1456761509180069,"y":0.120461106300354,"z":-0.018062399700284005,"w":-0.9818898439407349},"size":5.323578357696533,"orthographic":false}