{"cameraMode":{"drawMode":0,"name":"Shaded","section":"Shading Mode"},"sceneLighting":true,"audioPlay":false,"sceneViewState":{"showFog":true,"showMaterialUpdate":false,"showSkybox":true,"showFlares":true,"showImageEffects":true,"showParticleSystems":true},"in2DMode":false,"pivot":{"x":0.4239692687988281,"y":1.6573281288146973,"z":-3.5099477767944338},"rotation":{"x":-0.2591784596443176,"y":0.3523348569869995,"z":-0.10219182074069977,"w":-0.8935285806655884},"size":5.330420017242432,"orthographic":false}