{"cameraMode":{"drawMode":0,"name":"Shaded","section":"Shading Mode"},"sceneLighting":true,"audioPlay":false,"sceneViewState":{"showFog":true,"showMaterialUpdate":false,"showSkybox":true,"showFlares":true,"showImageEffects":true,"showParticleSystems":true},"in2DMode":false,"pivot":{"x":-29.446983337402345,"y":9.937332153320313,"z":-70.96017456054688},"rotation":{"x":-0.19415076076984406,"y":-0.5017587542533875,"z":0.11639606952667237,"w":-0.8350390791893005},"size":57.72672653198242,"orthographic":false}