{"cameraMode":{"drawMode":0,"name":"Shaded","section":"Shading Mode"},"sceneLighting":true,"audioPlay":false,"sceneViewState":{"showFog":true,"showMaterialUpdate":false,"showSkybox":true,"showFlares":true,"showImageEffects":true,"showParticleSystems":true},"in2DMode":false,"pivot":{"x":5.868400573730469,"y":3.3374903202056886,"z":2.496908187866211},"rotation":{"x":-0.06199592724442482,"y":0.4140850305557251,"z":-0.03100614622235298,"w":-0.9078550934791565},"size":7.592754364013672,"orthographic":false}