{"cameraMode":{"drawMode":0,"name":"Shaded","section":"Shading Mode"},"sceneLighting":true,"audioPlay":false,"sceneViewState":{"showFog":true,"showMaterialUpdate":false,"showSkybox":true,"showFlares":true,"showImageEffects":true,"showParticleSystems":true},"in2DMode":false,"pivot":{"x":-7.0826334953308109,"y":-1.4502687454223633,"z":-3.5541324615478517},"rotation":{"x":-0.2058698832988739,"y":0.1520266979932785,"z":-0.03502541407942772,"w":-0.966300904750824},"size":11.58705997467041,"orthographic":false}