{"cameraMode":{"drawMode":0,"name":"Shaded","section":"Shading Mode"},"sceneLighting":false,"audioPlay":false,"sceneViewState":{"showFog":true,"showMaterialUpdate":false,"showSkybox":false,"showFlares":true,"showImageEffects":true,"showParticleSystems":true},"in2DMode":false,"pivot":{"x":0.07230313122272492,"y":0.11204349994659424,"z":-0.14721298217773438},"rotation":{"x":0.0006755676586180925,"y":0.9992738366127014,"z":-0.0317976288497448,"w":0.02129034325480461},"size":1.1468703746795655,"orthographic":false}