{"cameraMode":{"drawMode":0,"name":"Shaded","section":"Shading Mode"},"sceneLighting":true,"audioPlay":false,"sceneViewState":{"showFog":true,"showMaterialUpdate":false,"showSkybox":true,"showFlares":true,"showImageEffects":true,"showParticleSystems":true},"in2DMode":false,"pivot":{"x":0.26351165771484377,"y":3.7741739749908449,"z":-0.6496572494506836},"rotation":{"x":-0.10419832915067673,"y":0.37698933482170107,"z":-0.04263448342680931,"w":-0.9194586873054504},"size":6.824697971343994,"orthographic":false}