{"cameraMode":{"drawMode":0,"name":"Shaded","section":"Shading Mode"},"sceneLighting":false,"audioPlay":false,"sceneViewState":{"showFog":true,"showMaterialUpdate":false,"showSkybox":false,"showFlares":true,"showImageEffects":true,"showParticleSystems":true},"in2DMode":false,"pivot":{"x":-1.9000000953674317,"y":2.059999942779541,"z":11.210000038146973},"rotation":{"x":-0.007058349438011646,"y":0.9919597506523132,"z":-0.06437912583351135,"w":-0.10875309258699417},"size":2.598076105117798,"orthographic":false}